Area of usual residence – Code,Area of usual residence – Name,Area of usual residence – Geography,Number of live births – Total,Number of live births – Male,Number of live births – Female,Live births - within marriage or civil partnership,Live births - outside marriage or civil partnership,Live births - joint registrations same address,Live births - joint registrations different address,Live births - sole registrations,"Crude Birth Rate (CBR): - all births per 1,000 population of all ages","General Fertility Rate (GFR): - all live births per 1,000 women aged 15 to 44",Total Fertility Rate (TFR),Percentage of live births - outside marriage or civil partnership,Percentage of live births under 2.5kg birthweight,Number of maternities,"Maternity Rate (Maternities per 1,000 women aged 15 to 44)",Number of maternities which took place at home,Percentage of maternities which took place at home
K02000001,UNITED KINGDOM,Country,692722,355006,337716,336705,356017,[x],[x],[x],10.3,53.6,1.54,51.4,[x],[x],[x],[x],[x]
"K04000001, J99000001","ENGLAND, WALES AND ELSEWHERE",Country,624828,320122,304706,304115,320713,228347,63356,29010,10.5,54.1,1.55,51.3,6.4,618848,53.6,15524,2.5
K04000001,ENGLAND AND WALES,Country,624729,320069,304660,304054,320675,228324,63347,29004,10.5,54.1,1.55,51.3,6.4,618735,53.6,15524,2.5
E92000001,ENGLAND,Country,595948,305288,290660,293271,302677,215491,59647,27539,10.5,54.3,1.56,50.8,6.4,590211,53.7,14485,2.5
E12000001,NORTH EAST,Region,25153,12889,12264,9103,16050,10699,3763,1588,9.5,51.9,1.52,63.8,6.5,24886,51.4,264,1.1
E06000047,County Durham,Unitary Authority,4592,2403,2189,1430,3162,2150,719,293,8.8,49.2,1.47,68.9,7.1,4532,48.6,58,1.3
E06000005,Darlington,Unitary Authority,1047,523,524,395,652,436,153,63,9.7,54.5,1.61,62.3,6.8,1037,53.9,19,1.8
E06000001,Hartlepool,Unitary Authority,932,480,452,223,709,437,201,71,10.1,55.4,1.62,76.1,7.5,931,55.3,13,1.4
E06000002,Middlesbrough,Unitary Authority,1729,878,851,636,1093,683,299,111,12,61.2,1.74,63.2,8.1,1715,60.7,16,0.9
E06000057,Northumberland,Unitary Authority,2586,1359,1227,985,1601,1188,273,140,8,52.8,1.59,61.9,4.8,2550,52,32,1.3
E06000003,Redcar and Cleveland,Unitary Authority,1281,672,609,319,962,631,234,97,9.4,56.5,1.68,75.1,5.8,1267,55.9,10,0.8
E06000004,Stockton-on-Tees,Unitary Authority,1871,906,965,685,1186,773,282,131,9.5,52.6,1.55,63.4,7.8,1856,52.2,15,0.8
E11000007,Tyne and Wear ,Metropolitan County,11115,5668,5447,4430,6685,4401,1602,682,9.9,50.7,1.47,60.1,6.1,10998,50.1,101,0.9
E08000037,Gateshead,Metropolitan District,1983,994,989,833,1150,762,278,110,10.1,55.6,1.6,58,6.8,1960,54.9,25,1.3
E08000021,Newcastle upon Tyne,Metropolitan District,2983,1554,1429,1406,1577,962,433,182,10,42.8,1.32,52.9,4.7,2953,42.4,30,1
E08000022,North Tyneside,Metropolitan District,2013,1024,989,852,1161,837,218,106,9.6,53.2,1.54,57.7,4.5,1987,52.5,20,1
E08000023,South Tyneside,Metropolitan District,1457,745,712,476,981,635,249,97,9.9,55.5,1.61,67.3,6.5,1442,54.9,10,0.7
E08000024,Sunderland,Metropolitan District,2679,1351,1328,863,1816,1205,424,187,9.8,53.6,1.55,67.8,8,2656,53.2,16,0.6
E12000002,NORTH WEST,Region,78127,39890,38237,34041,44086,30513,9490,4083,10.5,55.1,1.59,56.4,6.6,77458,54.6,1721,2.2
E06000008,Blackburn with Darwen,Unitary Authority,1945,1016,929,976,969,683,193,93,12.6,62.3,1.87,49.8,9.2,1933,61.9,28,1.4
E06000009,Blackpool,Unitary Authority,1423,729,694,343,1080,728,226,126,10.1,57.2,1.65,75.9,6,1408,56.6,19,1.3
E06000049,Cheshire East,Unitary Authority,3806,1996,1810,1873,1933,1545,223,165,9.5,57.1,1.65,50.8,5.9,3764,56.4,140,3.7
E06000050,Cheshire West and Chester,Unitary Authority,3297,1694,1603,1462,1835,1407,288,140,9.2,51.8,1.5,55.7,6.4,3261,51.2,141,4.3
E06000006,Halton,Unitary Authority,1355,698,657,401,954,623,242,89,10.5,56.8,1.67,70.4,6.3,1344,56.3,18,1.3
E06000007,Warrington,Unitary Authority,1932,954,978,859,1073,836,162,75,9.1,51,1.48,55.5,6.1,1907,50.3,56,2.9
E10000006,Cumbria,County,4173,2128,2045,1588,2585,2018,403,164,8.3,52.6,1.54,61.9,5.6,4147,52.3,70,1.7
E07000026,Allerdale,Non-metropolitan District,780,402,378,278,502,379,87,36,8.1,52.4,1.55,64.4,6.4,774,52,18,2.3
E07000027,Barrow-in-Furness,Non-metropolitan District,629,327,302,187,442,339,73,30,9.3,54.3,1.55,70.3,4.5,629,54.3,11,1.7
E07000028,Carlisle,Non-metropolitan District,1044,540,504,399,645,488,110,47,9.5,53.9,1.55,61.8,5.9,1042,53.8,12,1.2
E07000029,Copeland,Non-metropolitan District,591,298,293,191,400,301,71,28,8.8,55.7,1.61,67.7,6.1,583,54.9,4,0.7
E07000030,Eden,Non-metropolitan District,401,200,201,174,227,193,22,12,7.3,51,1.51,56.6,5,398,50.6,5,1.3
E07000031,South Lakeland,Non-metropolitan District,728,361,367,359,369,318,40,11,7,48.4,1.46,50.7,5.2,721,47.9,20,2.8
E11000001,Greater Manchester ,Metropolitan County,33445,17084,16361,16333,17112,11438,3977,1697,11.7,56.5,1.61,51.2,6.6,33174,56.1,582,1.8
E08000001,Bolton,Metropolitan District,3453,1787,1666,1744,1709,1168,379,162,11.7,61.2,1.79,49.5,8.3,3436,60.9,55,1.6
E08000002,Bury,Metropolitan District,2098,1053,1045,1110,988,716,178,94,10.8,58.1,1.68,47.1,6.1,2080,57.6,39,1.9
E08000003,Manchester,Metropolitan District,6776,3471,3305,3805,2971,1701,860,410,12.3,47.7,1.4,43.8,6.9,6730,47.4,102,1.5
E08000004,Oldham,Metropolitan District,3127,1582,1545,1631,1496,911,411,174,12.9,64.9,1.93,47.8,7.7,3102,64.4,81,2.6
E08000005,Rochdale,Metropolitan District,2746,1366,1380,1249,1497,943,412,142,12.3,62.5,1.83,54.5,6.4,2737,62.3,56,2
E08000006,Salford,Metropolitan District,3580,1850,1730,1647,1933,1244,505,184,13.2,57.2,1.56,54,6.2,3538,56.6,44,1.2
E08000007,Stockport,Metropolitan District,3227,1700,1527,1623,1604,1169,320,115,10.9,60,1.68,49.7,6.3,3192,59.4,66,2.1
E08000008,Tameside,Metropolitan District,2525,1266,1259,912,1613,1139,335,139,10.9,57,1.63,63.9,5.2,2503,56.5,30,1.2
E08000009,Trafford,Metropolitan District,2413,1226,1187,1433,980,713,192,75,10.2,54.6,1.58,40.6,5.9,2386,53.9,55,2.3
E08000010,Wigan,Metropolitan District,3500,1783,1717,1179,2321,1734,385,202,10.6,58.1,1.66,66.3,6.1,3470,57.6,54,1.6
E10000017,Lancashire,County,12035,6139,5896,5132,6903,5202,1146,555,9.7,54.2,1.61,57.4,7,11938,53.8,287,2.4
E07000117,Burnley,Non-metropolitan District,1053,528,525,399,654,458,129,67,11.1,58.8,1.7,62.1,8,1048,58.6,11,1
E07000118,Chorley,Non-metropolitan District,1081,582,499,456,625,486,94,45,9.2,53.6,1.58,57.8,5.6,1071,53.1,40,3.7
E07000119,Fylde,Non-metropolitan District,609,298,311,264,345,282,42,21,7.4,51.7,1.52,56.7,4.3,607,51.5,8,1.3
E07000120,Hyndburn,Non-metropolitan District,976,504,472,389,587,406,112,69,11.9,63.4,1.84,60.1,7.3,968,62.9,18,1.9
E07000121,Lancaster,Non-metropolitan District,1269,631,638,495,774,595,121,58,8.9,45.8,1.44,61,6.4,1260,45.5,17,1.3
E07000122,Pendle,Non-metropolitan District,1149,593,556,632,517,375,91,51,12,64,1.91,45,7.7,1140,63.5,14,1.2
E07000123,Preston,Non-metropolitan District,1796,903,893,862,934,669,184,81,12.2,57.3,1.66,52,9.1,1777,56.7,61,3.4
E07000124,Ribble Valley,Non-metropolitan District,498,258,240,252,246,218,19,9,8,52.4,1.57,49.4,5.4,489,51.5,23,4.7
E07000125,Rossendale,Non-metropolitan District,730,354,376,300,430,325,66,39,10.3,57.7,1.71,58.9,7.7,724,57.3,18,2.5
E07000126,South Ribble,Non-metropolitan District,1008,524,484,399,609,484,89,36,9.1,52.9,1.56,60.4,7.5,1004,52.7,42,4.2
E07000127,West Lancashire,Non-metropolitan District,1013,522,491,376,637,484,109,44,8.6,46.7,1.54,62.9,5.9,1007,46.4,24,2.4
E07000128,Wyre,Non-metropolitan District,853,442,411,308,545,420,90,35,7.6,50.9,1.5,63.9,5.6,843,50.3,11,1.3
E11000002,Merseyside ,Metropolitan County,14716,7452,7264,5074,9642,6033,2630,979,10.3,53.3,1.52,65.5,6.4,14582,52.8,380,2.6
E08000011,Knowsley,Metropolitan District,1986,1018,968,516,1470,901,416,153,12.8,64.5,1.79,74,7,1965,63.9,41,2.1
E08000012,Liverpool,Metropolitan District,5364,2692,2672,1997,3367,1949,1042,376,11.1,48.5,1.43,62.8,6.3,5317,48.1,134,2.5
E08000014,Sefton,Metropolitan District,2525,1294,1231,882,1643,1100,398,145,9,54.1,1.56,65.1,6.3,2499,53.5,79,3.2
E08000013,St. Helens,Metropolitan District,1817,944,873,609,1208,812,277,119,9.9,55,1.58,66.5,6.8,1802,54.5,44,2.4
E08000015,Wirral,Metropolitan District,3024,1504,1520,1070,1954,1271,497,186,9.4,55,1.61,64.6,6.2,2999,54.6,82,2.7
E12000003,YORKSHIRE AND THE HUMBER,Region,56377,28918,27459,24438,31939,22739,6130,3070,10.3,54.1,1.57,56.7,6.6,55972,53.7,1346,2.4
E06000011,East Riding of Yorkshire,Unitary Authority,2618,1324,1294,1195,1423,1154,171,98,7.6,51,1.52,54.4,6.2,2601,50.7,65,2.5
E06000010,"Kingston upon Hull, City of",Unitary Authority,3079,1572,1507,834,2245,1549,443,253,11.6,56.3,1.58,72.9,7.9,3053,55.8,58,1.9
E06000012,North East Lincolnshire,Unitary Authority,1501,792,709,396,1105,757,218,130,9.5,54.6,1.62,73.6,7.9,1493,54.3,29,1.9
E06000013,North Lincolnshire,Unitary Authority,1598,813,785,589,1009,782,141,86,9.4,56.2,1.67,63.1,6.4,1584,55.8,27,1.7
E06000014,York,Unitary Authority,1619,837,782,794,825,641,121,63,8,36.9,1.19,51,5.9,1605,36.6,40,2.5
E10000023,North Yorkshire,County,5133,2668,2465,2489,2644,2154,304,186,8.3,54.2,1.61,51.5,5.5,5077,53.6,113,2.2
E07000163,Craven,Non-metropolitan District,399,210,189,200,199,172,20,7,7,49.6,1.49,49.9,4.3,396,49.2,12,3
E07000164,Hambleton,Non-metropolitan District,691,351,340,361,330,282,26,22,7.6,52.5,1.55,47.8,4.6,686,52.1,8,1.2
E07000165,Harrogate,Non-metropolitan District,1356,725,631,765,591,492,62,37,8.3,52.8,1.59,43.6,5.2,1339,52.2,31,2.3
E07000166,Richmondshire,Non-metropolitan District,450,227,223,257,193,156,12,25,8.9,60,1.76,42.9,4.2,442,58.9,9,2
E07000167,Ryedale,Non-metropolitan District,412,219,193,199,213,175,28,10,7.5,51.6,1.53,51.7,4.4,406,50.9,20,4.9
E07000168,Scarborough,Non-metropolitan District,872,444,428,278,594,451,86,57,8,53.6,1.59,68.1,7.6,863,53,13,1.5
E07000169,Selby,Non-metropolitan District,953,492,461,429,524,426,70,28,10.3,59.5,1.71,55,6.3,945,59,20,2.1
E11000003,South Yorkshire,Metropolitan County,14391,7378,7013,5580,8811,6243,1771,797,10.5,54.2,1.55,61.2,7.1,14273,53.8,298,2.1
E08000016,Barnsley,Metropolitan District,2521,1259,1262,772,1749,1294,311,144,10.3,56.9,1.63,69.4,5.8,2504,56.6,37,1.5
E08000017,Doncaster,Metropolitan District,3333,1755,1578,1077,2256,1619,412,225,10.8,59.7,1.73,67.7,7.1,3301,59.1,60,1.8
E08000018,Rotherham,Metropolitan District,2814,1464,1350,972,1842,1317,373,152,10.6,57.9,1.69,65.5,7.9,2797,57.5,74,2.6
E08000019,Sheffield,Metropolitan District,5723,2900,2823,2759,2964,2013,675,276,10.3,49,1.44,51.8,7.4,5671,48.6,127,2.2
E11000006,West Yorkshire,Metropolitan County,26438,13534,12904,12561,13877,9459,2961,1457,11.3,55.6,1.61,52.5,6.4,26286,55.3,716,2.7
E08000032,Bradford,Metropolitan District,6828,3508,3320,3854,2974,1832,711,431,12.5,61.2,1.83,43.6,6.9,6791,60.9,177,2.6
E08000033,Calderdale,Metropolitan District,2143,1075,1068,921,1222,859,264,99,10.4,57.8,1.71,57,5.8,2132,57.5,77,3.6
E08000034,Kirklees,Metropolitan District,4826,2433,2393,2335,2491,1744,549,198,11.1,58,1.72,51.6,6.7,4795,57.6,127,2.6
E08000035,Leeds,Metropolitan District,8784,4505,4279,4078,4706,3123,1056,527,10.9,49.2,1.43,53.6,6,8745,49,234,2.7
E08000036,Wakefield,Metropolitan District,3857,2013,1844,1373,2484,1901,381,202,10.9,58.9,1.68,64.4,6.7,3823,58.4,101,2.6
E12000004,EAST MIDLANDS,Region,47860,24537,23323,21378,26482,19605,4570,2307,9.8,52.6,1.54,55.3,6.3,47364,52,1206,2.5
E06000015,Derby,Unitary Authority,2896,1494,1402,1306,1590,1049,335,206,11.1,55,1.6,54.9,8.8,2850,54.1,16,0.6
E06000016,Leicester,Unitary Authority,4172,2138,2034,2503,1669,976,474,219,11.4,48.8,1.46,40,8,4164,48.7,86,2.1
E06000018,Nottingham,Unitary Authority,3458,1706,1752,1569,1889,1003,594,292,10.8,42.5,1.35,54.6,6.6,3415,42,71,2.1
E06000017,Rutland,Unitary Authority,274,139,135,164,110,96,10,4,6.6,45.4,1.45,40.1,4,271,44.9,12,4.4
E06000061,North Northamptonshire,Unitary Authority,3789,1961,1828,1585,2204,1701,355,148,10.5,56.5,1.65,58.2,6.7,3744,55.8,95,2.5
E06000062,West Northamptonshire,unitary Authority,4647,2413,2234,2277,2370,1835,342,193,10.9,56.4,1.63,51,5.6,4605,55.9,173,3.8
E10000007,Derbyshire,County,7366,3777,3589,2880,4486,3513,634,339,9.2,55.1,1.6,60.9,6.1,7291,54.5,126,1.7
E07000032,Amber Valley,Non-metropolitan District,1174,601,573,462,712,548,112,52,9.3,56.3,1.63,60.6,5.7,1167,56,25,2.1
E07000033,Bolsover,Non-metropolitan District,792,421,371,265,527,424,69,34,9.8,55.8,1.58,66.5,7.4,785,55.3,16,2
E07000034,Chesterfield,Non-metropolitan District,984,531,453,337,647,502,85,60,9.5,55.5,1.6,65.8,6.7,969,54.7,10,1
E07000035,Derbyshire Dales,Non-metropolitan District,480,252,228,220,260,222,28,10,6.7,49.8,1.56,54.2,6.7,473,49,13,2.7
E07000036,Erewash,Non-metropolitan District,1015,517,498,356,659,510,94,55,9,50.5,1.44,64.9,5.3,1004,50,11,1.1
E07000037,High Peak,Non-metropolitan District,791,381,410,331,460,360,69,31,8.7,53.2,1.55,58.2,4.3,785,52.8,27,3.4
E07000038,North East Derbyshire,Non-metropolitan District,925,465,460,362,563,437,85,41,9,56.5,1.65,60.9,5.7,910,55.6,13,1.4
E07000039,South Derbyshire,Non-metropolitan District,1205,609,596,547,658,510,92,56,11.2,60.4,1.74,54.6,6.7,1198,60,11,0.9
E10000018,Leicestershire,County,6794,3454,3340,3314,3480,2823,462,195,9.5,53.4,1.57,51.2,5.5,6704,52.7,269,4
E07000129,Blaby,Non-metropolitan District,1087,544,543,496,591,479,76,36,10.5,58.9,1.67,54.4,4.9,1069,57.9,55,5.1
E07000130,Charnwood,Non-metropolitan District,1713,895,818,871,842,661,139,42,9.4,48,1.45,49.2,6,1698,47.6,51,3
E07000131,Harborough,Non-metropolitan District,934,477,457,522,412,338,45,29,9.5,58.1,1.74,44.1,5.6,921,57.3,40,4.3
E07000132,Hinckley and Bosworth,Non-metropolitan District,1065,528,537,500,565,465,72,28,9.4,55.3,1.6,53.1,6.9,1048,54.4,50,4.8
E07000133,Melton,Non-metropolitan District,442,215,227,175,267,223,33,11,8.5,53.9,1.61,60.4,3.2,439,53.5,8,1.8
E07000134,North West Leicestershire,Non-metropolitan District,1024,528,496,447,577,474,69,34,9.8,54.2,1.57,56.3,4.7,1007,53.3,41,4.1
E07000135,Oadby and Wigston,Non-metropolitan District,529,267,262,303,226,183,28,15,9.2,49.8,1.54,42.7,5.9,522,49.2,24,4.6
E10000019,Lincolnshire,County,6559,3386,3173,2448,4111,3182,599,330,8.5,50.5,1.49,62.7,6.6,6508,50.1,212,3.3
E07000136,Boston,Non-metropolitan District,705,374,331,215,490,354,86,50,10,55.5,1.67,69.5,6.2,698,54.9,15,2.1
E07000137,East Lindsey,Non-metropolitan District,1070,547,523,353,717,548,105,64,7.5,55.2,1.66,67,7.7,1065,55,32,3
E07000138,Lincoln,Non-metropolitan District,949,487,462,302,647,457,128,62,9.3,38.5,1.17,68.2,7.7,937,38,19,2
E07000139,North Kesteven,Non-metropolitan District,962,491,471,441,521,444,50,27,8.1,49.7,1.46,54.2,7.1,956,49.4,41,4.3
E07000140,South Holland,Non-metropolitan District,901,467,434,337,564,447,68,49,9.4,57.7,1.7,62.6,6,899,57.6,28,3.1
E07000141,South Kesteven,Non-metropolitan District,1207,614,593,500,707,560,100,47,8.4,51.2,1.54,58.6,5,1194,50.6,38,3.2
E07000142,West Lindsey,Non-metropolitan District,765,406,359,300,465,372,62,31,8,52.1,1.54,60.8,6.7,759,51.7,39,5.1
E10000024,Nottinghamshire,County,7905,4069,3836,3332,4573,3427,765,381,9.6,54.6,1.58,57.8,5.6,7812,54,146,1.9
E07000170,Ashfield,Non-metropolitan District,1305,632,673,422,883,641,170,72,10.3,56.9,1.65,67.7,5.7,1291,56.3,21,1.6
E07000171,Bassetlaw,Non-metropolitan District,1110,594,516,382,728,552,122,54,9.4,57,1.66,65.6,5.6,1104,56.7,12,1.1
E07000172,Broxtowe,Non-metropolitan District,989,513,476,501,488,363,81,44,8.9,49.1,1.39,49.3,5.2,976,48.5,17,1.7
E07000173,Gedling,Non-metropolitan District,1102,549,553,506,596,462,101,33,9.4,53.2,1.5,54.1,4.7,1090,52.6,11,1
E07000174,Mansfield,Non-metropolitan District,1146,587,559,384,762,546,120,96,10.4,56.9,1.64,66.5,6.6,1130,56.1,31,2.7
E07000175,Newark and Sherwood,Non-metropolitan District,1205,636,569,509,696,533,113,50,9.8,58.4,1.71,57.8,5.9,1195,57.9,34,2.8
E07000176,Rushcliffe,Non-metropolitan District,1048,558,490,628,420,330,58,32,8.8,50.6,1.5,40.1,5.2,1026,49.5,20,1.9
E12000005,WEST MIDLANDS,Region,63846,32597,31249,29728,34118,23271,7554,3293,10.7,56.6,1.65,53.4,7.6,63308,56.1,1094,1.7
E06000019,"Herefordshire, County of",Unitary Authority,1586,820,766,732,854,685,115,54,8.5,55.1,1.61,53.8,6.5,1577,54.8,56,3.6
E06000051,Shropshire,Unitary Authority,2639,1284,1355,1132,1507,1198,211,98,8.1,53.2,1.57,57.1,5.1,2606,52.5,62,2.4
E06000021,Stoke-on-Trent,Unitary Authority,2967,1493,1474,1111,1856,1296,361,199,11.5,59.1,1.69,62.6,7.7,2924,58.3,25,0.9
E06000020,Telford and Wrekin,Unitary Authority,1984,1039,945,743,1241,876,239,126,10.7,56.3,1.65,62.6,7.1,1964,55.7,27,1.4
E10000028,Staffordshire,County,8280,4256,4024,3390,4890,3842,715,333,9.4,55.8,1.62,59.1,6.8,8197,55.3,120,1.5
E07000192,Cannock Chase,Non-metropolitan District,1047,535,512,316,731,565,127,39,10.4,57.4,1.62,69.8,6.9,1037,56.9,20,1.9
E07000193,East Staffordshire,Non-metropolitan District,1355,700,655,664,691,549,83,59,10.9,60.7,1.75,51,7.8,1339,60,16,1.2
E07000194,Lichfield,Non-metropolitan District,977,522,455,446,531,425,68,38,9.1,56.7,1.66,54.4,6.5,968,56.1,12,1.2
E07000195,Newcastle-under-Lyme,Non-metropolitan District,1100,545,555,390,710,549,123,38,8.9,48.9,1.46,64.5,7.2,1083,48.2,15,1.4
E07000196,South Staffordshire,Non-metropolitan District,946,485,461,405,541,426,73,42,8.5,57.6,1.69,57.2,6.4,939,57.2,13,1.4
E07000197,Stafford,Non-metropolitan District,1256,633,623,581,675,529,93,53,9.2,55,1.59,53.7,7.2,1245,54.6,22,1.8
E07000198,Staffordshire Moorlands,Non-metropolitan District,731,395,336,278,453,365,61,27,7.6,51.5,1.54,62,4.7,724,51,11,1.5
E07000199,Tamworth,Non-metropolitan District,868,441,427,310,558,434,87,37,11,59.7,1.71,64.3,6.5,862,59.3,11,1.3
E10000031,Warwickshire,County,5998,3031,2967,2988,3010,2298,505,207,10,55.7,1.6,50.2,6.3,5959,55.3,100,1.7
E07000218,North Warwickshire,Non-metropolitan District,660,336,324,254,406,323,55,28,10.1,60.4,1.74,61.5,6.8,651,59.6,9,1.4
E07000219,Nuneaton and Bedworth,Non-metropolitan District,1531,793,738,584,947,658,211,78,11.4,60.8,1.74,61.9,6.5,1529,60.7,27,1.8
E07000220,Rugby,Non-metropolitan District,1204,610,594,644,560,434,99,27,10.5,56.1,1.62,46.5,5.8,1204,56.1,27,2.2
E07000221,Stratford-on-Avon,Non-metropolitan District,1212,597,615,659,553,462,59,32,8.9,57.6,1.68,45.6,6.1,1195,56.7,19,1.6
E07000222,Warwick,Non-metropolitan District,1391,695,696,847,544,421,81,42,9.4,47.7,1.39,39.1,6.6,1380,47.4,18,1.3
E11000005,West Midlands ,Metropolitan County,34919,17855,17064,17167,17752,10781,4914,2057,12,57.6,1.69,50.8,8.4,34658,57.2,527,1.5
E08000025,Birmingham,Metropolitan District,14477,7335,7142,7867,6610,3785,1980,845,12.7,56.4,1.68,45.7,8.7,14378,56,282,2
E08000026,Coventry,Metropolitan District,3948,2038,1910,1905,2043,1281,527,235,11.5,52.7,1.56,51.7,7.5,3913,52.2,46,1.2
E08000027,Dudley,Metropolitan District,3426,1754,1672,1397,2029,1428,429,172,10.6,58.3,1.69,59.2,6.8,3395,57.8,78,2.3
E08000028,Sandwell,Metropolitan District,4227,2204,2023,2030,2197,1300,641,256,12.4,60.4,1.79,52,8.3,4212,60.2,38,0.9
E08000029,Solihull,Metropolitan District,2070,1047,1023,1040,1030,679,268,83,9.6,54.7,1.59,49.8,7.9,2054,54.3,30,1.5
E08000030,Walsall,Metropolitan District,3529,1832,1697,1487,2042,1245,538,259,12.4,63.7,1.87,57.9,9.2,3493,63,23,0.7
E08000031,Wolverhampton,Metropolitan District,3242,1645,1597,1441,1801,1063,531,207,12.3,61.8,1.8,55.6,9.1,3213,61.3,30,0.9
E10000034,Worcestershire,County,5473,2819,2654,2465,3008,2295,494,219,9,53.4,1.57,55,6.4,5423,52.9,177,3.3
E07000234,Bromsgrove,Non-metropolitan District,858,414,444,450,408,307,77,24,8.6,53.5,1.61,47.6,5.9,850,53,25,2.9
E07000235,Malvern Hills,Non-metropolitan District,565,300,265,273,292,227,39,26,7.1,49.2,1.52,51.7,5.5,558,48.6,21,3.8
E07000236,Redditch,Non-metropolitan District,984,503,481,410,574,434,97,43,11.3,58.8,1.69,58.3,7,977,58.4,21,2.1
E07000237,Worcester,Non-metropolitan District,987,513,474,461,526,377,106,43,9.5,46.7,1.36,53.3,7.3,980,46.4,26,2.7
E07000238,Wychavon,Non-metropolitan District,1219,626,593,563,656,529,88,39,9.2,58.1,1.71,53.8,5.6,1210,57.7,55,4.5
E07000239,Wyre Forest,Non-metropolitan District,860,463,397,308,552,421,87,44,8.4,53.2,1.54,64.2,7,848,52.4,29,3.4
E12000006,EAST,Region,67054,34415,32639,33176,33878,26097,5154,2627,10.6,57.1,1.65,50.5,5.8,66321,56.5,1955,2.9
E06000055,Bedford,Unitary Authority,2223,1184,1039,1120,1103,815,163,125,12,60.7,1.74,49.6,6.9,2194,59.9,102,4.6
E06000056,Central Bedfordshire,Unitary Authority,3475,1785,1690,1792,1683,1349,221,113,11.8,63.2,1.78,48.4,5.9,3433,62.5,148,4.3
E06000032,Luton,Unitary Authority,3233,1639,1594,1999,1234,819,283,132,14.4,65.3,1.89,38.2,8.5,3207,64.8,40,1.2
E06000031,Peterborough,Unitary Authority,2668,1364,1304,1261,1407,1020,231,156,12.3,59.1,1.72,52.7,6.4,2638,58.5,38,1.4
E06000033,Southend-on-Sea,Unitary Authority,1875,945,930,776,1099,780,211,108,10.4,55.7,1.61,58.6,6.1,1857,55.2,110,5.9
E06000034,Thurrock,Unitary Authority,2314,1192,1122,1067,1247,851,285,111,13.2,62.3,1.78,53.9,4.5,2283,61.5,67,2.9
E10000003,Cambridgeshire,County,6677,3420,3257,3602,3075,2470,363,242,9.8,50.3,1.44,46.1,5.7,6599,49.7,176,2.7
E07000008,Cambridge,Non-metropolitan District,1293,666,627,820,473,322,93,58,8.9,32.8,1.04,36.6,6.3,1273,32.3,29,2.3
E07000009,East Cambridgeshire,Non-metropolitan District,837,427,410,454,383,339,16,28,9.5,54.8,1.61,45.8,5.1,822,53.8,21,2.6
E07000010,Fenland,Non-metropolitan District,1023,528,495,337,686,536,89,61,10,58.8,1.71,67.1,6.8,1013,58.2,22,2.2
E07000011,Huntingdonshire,Non-metropolitan District,1890,969,921,968,922,750,116,56,10.4,59.2,1.68,48.8,5.7,1867,58.5,60,3.2
E07000012,South Cambridgeshire,Non-metropolitan District,1634,830,804,1023,611,523,49,39,10,57,1.66,37.4,4.7,1624,56.7,44,2.7
E10000012,Essex,County,16215,8305,7910,7423,8792,6939,1258,595,10.8,59.8,1.72,54.2,5.1,16055,59.2,511,3.2
E07000066,Basildon,Non-metropolitan District,2424,1229,1195,993,1431,1041,300,90,12.9,66.4,1.89,59,4,2396,65.6,79,3.3
E07000067,Braintree,Non-metropolitan District,1603,801,802,700,903,744,97,62,10.3,58.5,1.7,56.3,5.4,1584,57.8,30,1.9
E07000068,Brentwood,Non-metropolitan District,909,471,438,502,407,324,69,14,11.8,64.9,1.82,44.8,4.6,895,63.9,32,3.6
E07000069,Castle Point,Non-metropolitan District,865,426,439,344,521,381,94,46,9.6,59.3,1.75,60.2,4.1,855,58.7,40,4.7
E07000070,Chelmsford,Non-metropolitan District,1994,1048,946,1023,971,783,115,73,11,58.4,1.66,48.7,5.4,1974,57.8,51,2.6
E07000071,Colchester,Non-metropolitan District,2031,1074,957,971,1060,874,110,76,10.6,52.6,1.53,52.2,6.4,2013,52.1,55,2.7
E07000072,Epping Forest,Non-metropolitan District,1599,822,777,813,786,581,148,57,11.9,65,1.84,49.2,4,1588,64.5,44,2.8
E07000073,Harlow,Non-metropolitan District,1247,628,619,566,681,487,139,55,13.4,63.8,1.79,54.6,5.3,1232,63.1,33,2.7
E07000074,Maldon,Non-metropolitan District,591,291,300,249,342,289,32,21,8.9,57.7,1.71,57.9,3.9,591,57.7,13,2.2
E07000075,Rochford,Non-metropolitan District,821,416,405,360,461,373,68,20,9.5,58.1,1.72,56.2,4.8,818,57.9,40,4.9
E07000076,Tendring,Non-metropolitan District,1247,644,603,405,842,725,51,66,8.4,57.5,1.7,67.5,8,1234,56.9,39,3.2
E07000077,Uttlesford,Non-metropolitan District,884,455,429,497,387,337,35,15,9.6,56.9,1.69,43.8,3.9,875,56.3,55,6.3
E10000015,Hertfordshire,County,13495,6915,6580,7717,5778,4349,992,437,11.2,58.5,1.68,42.8,5.8,13351,57.9,316,2.4
E07000095,Broxbourne,Non-metropolitan District,1160,596,564,578,582,426,107,49,11.7,60.5,1.72,50.2,6.6,1141,59.5,19,1.7
E07000096,Dacorum,Non-metropolitan District,1756,893,863,969,787,610,118,59,11.3,60.6,1.73,44.8,6.2,1729,59.7,26,1.5
E07000242,East Hertfordshire,Non-metropolitan District,1676,835,841,883,793,665,79,49,11.1,61,1.74,47.3,3.8,1659,60.4,76,4.6
E07000098,Hertsmere,Non-metropolitan District,1220,610,610,750,470,330,101,39,11.3,58.9,1.74,38.5,6.7,1209,58.4,13,1.1
E07000099,North Hertfordshire,Non-metropolitan District,1411,732,679,817,594,467,85,42,10.6,57.9,1.66,42.1,4.8,1405,57.7,56,4
E07000240,St Albans,Non-metropolitan District,1557,822,735,1033,524,408,68,48,10.5,58.3,1.7,33.7,5.3,1536,57.6,31,2
E07000243,Stevenage,Non-metropolitan District,1120,578,542,518,602,437,121,44,12.5,62.5,1.73,53.8,5.4,1105,61.6,38,3.4
E07000102,Three Rivers,Non-metropolitan District,923,490,433,557,366,270,70,26,9.8,53.9,1.62,39.7,6.7,916,53.5,14,1.5
E07000103,Watford,Non-metropolitan District,1373,684,689,917,456,312,110,34,13.4,60.2,1.65,33.2,6.8,1368,60,17,1.2
E07000241,Welwyn Hatfield,Non-metropolitan District,1299,675,624,695,604,424,133,47,10.9,50.9,1.54,46.5,6.6,1283,50.3,26,2
E10000020,Norfolk,County,7853,4051,3802,3230,4623,3703,603,317,8.6,50.6,1.47,58.9,6,7763,50.1,263,3.4
E07000143,Breckland,Non-metropolitan District,1303,654,649,524,779,619,96,64,9.2,58,1.69,59.8,5.1,1294,57.6,40,3.1
E07000144,Broadland,Non-metropolitan District,1081,584,497,507,574,500,45,29,8.2,52.3,1.56,53.1,6.1,1066,51.6,44,4.1
E07000145,Great Yarmouth,Non-metropolitan District,888,451,437,239,649,486,110,53,8.9,53.4,1.57,73.1,3.8,879,52.9,13,1.5
E07000146,King's Lynn and West Norfolk,Non-metropolitan District,1350,710,640,548,802,641,103,58,8.7,55.3,1.6,59.4,6.7,1336,54.7,27,2
E07000147,North Norfolk,Non-metropolitan District,625,329,296,235,390,327,43,20,6.1,47.9,1.43,62.4,7.4,614,47.1,23,3.7
E07000148,Norwich,Non-metropolitan District,1333,682,651,558,775,578,140,57,9.3,38.3,1.14,58.1,7.3,1324,38,61,4.6
E07000149,South Norfolk,Non-metropolitan District,1273,641,632,619,654,552,66,36,8.9,55.2,1.61,51.4,5.7,1250,54.2,55,4.4
E10000029,Suffolk,County,7026,3615,3411,3189,3837,3002,544,291,9.2,55.3,1.61,54.6,5.9,6941,54.6,184,2.7
E07000200,Babergh,Non-metropolitan District,764,386,378,335,429,340,56,33,8.2,54,1.66,56.2,5.8,756,53.5,35,4.6
E07000244,East Suffolk,Non-metropolitan District,1870,915,955,714,1156,912,159,85,7.6,51.3,1.55,61.8,5.2,1853,50.9,60,3.2
E07000202,Ipswich,Non-metropolitan District,1623,863,760,667,956,677,186,93,11.6,57.9,1.66,58.9,6.9,1604,57.2,30,1.9
E07000203,Mid Suffolk,Non-metropolitan District,873,446,427,432,441,378,44,19,8.4,54.3,1.6,50.5,6.1,859,53.5,34,4
E07000245,West Suffolk,Non-metropolitan District,1896,1005,891,1041,855,695,99,61,10.5,58.6,1.65,45.1,5.8,1869,57.8,25,1.3
E12000007,LONDON,Region,110961,56875,54086,67353,43608,26269,12308,5031,12.6,52.9,1.44,39.3,7.2,109813,52.3,2204,2
E13000001,Inner London,Metropolitan County,43120,22094,21026,25574,17546,10030,5409,2107,12.7,46.5,1.27,40.7,7.3,42664,46,971,2.3
E09000007,Camden,London Borough,2317,1218,1099,1500,817,460,252,105,11,40.6,1.19,35.3,7.5,2301,40.3,26,1.1
E09000001,City of London,London Borough,60,33,27,40,20,13,4,3,7,27.7,0.85,33.3,1.7,60,27.7,0,0
E09000012,Hackney,London Borough,3971,2087,1884,2356,1615,919,517,179,15.3,54.4,1.51,40.7,6.8,3926,53.8,114,2.9
E09000013,Hammersmith and Fulham,London Borough,2146,1069,1077,1431,715,406,214,95,11.7,42.2,1.19,33.3,7.3,2112,41.6,34,1.6
E09000014,Haringey,London Borough,3376,1705,1671,1854,1522,887,430,205,12.8,52.3,1.43,45.1,6.3,3330,51.5,47,1.4
E09000019,Islington,London Borough,2657,1357,1300,1412,1245,674,424,147,12.3,42.4,1.16,46.9,6,2624,41.9,40,1.5
E09000020,Kensington and Chelsea,London Borough,1455,751,704,1045,410,251,95,64,10.1,42.3,1.19,28.2,5.3,1440,41.9,26,1.8
E09000022,Lambeth,London Borough,3554,1854,1700,1871,1683,912,548,223,11.2,40,1.13,47.4,7.1,3525,39.6,154,4.4
E09000023,Lewisham,London Borough,4024,2040,1984,2024,2000,1126,628,246,13.4,52.9,1.42,49.7,6.8,3982,52.3,106,2.7
E09000025,Newham,London Borough,5346,2744,2602,3330,2016,1196,574,246,15.2,59.1,1.61,37.7,10.6,5281,58.3,65,1.2
E09000028,Southwark,London Borough,3525,1790,1735,1822,1703,909,575,219,11.5,42,1.16,48.3,7.1,3497,41.6,134,3.8
E09000030,Tower Hamlets,London Borough,4381,2232,2149,2616,1765,1009,610,146,14,45.9,1.22,40.3,8,4349,45.6,88,2
E09000032,Wandsworth,London Borough,4198,2152,2046,2827,1371,888,340,143,12.8,44.5,1.21,32.7,6.2,4147,44,117,2.8
E09000033,Westminster,London Borough,2110,1062,1048,1446,664,380,198,86,10.3,39.1,1.1,31.5,6.7,2090,38.7,20,1
E13000002,Outer London,Metropolitan County,67841,34781,33060,41779,26062,16239,6899,2924,12.6,57.9,1.63,38.4,7.1,67149,57.3,1233,1.8
E09000002,Barking and Dagenham,London Borough,3255,1652,1603,1769,1486,847,436,203,14.9,64.4,1.89,45.7,8.3,3238,64,36,1.1
E09000003,Barnet,London Borough,4780,2411,2369,3339,1441,893,387,161,12.3,57.1,1.6,30.1,5.8,4746,56.7,77,1.6
E09000004,Bexley,London Borough,2837,1464,1373,1327,1510,991,382,137,11.5,57.8,1.66,53.2,6.9,2804,57.1,47,1.7
E09000005,Brent,London Borough,4427,2279,2148,3170,1257,680,402,175,13.1,56.2,1.58,28.4,8.1,4385,55.7,52,1.2
E09000006,Bromley,London Borough,3728,1929,1799,2122,1606,1157,321,128,11.3,58.2,1.63,43.1,6.3,3695,57.7,91,2.5
E09000008,Croydon,London Borough,5001,2518,2483,2635,2366,1313,726,327,12.8,59.3,1.65,47.3,8,4951,58.7,113,2.3
E09000009,Ealing,London Borough,4397,2224,2173,3058,1339,814,375,150,12,53,1.48,30.5,7,4359,52.6,67,1.5
E09000010,Enfield,London Borough,3936,1998,1938,2012,1924,995,622,307,11.9,56.2,1.66,48.9,8,3882,55.4,47,1.2
E09000011,Greenwich,London Borough,3906,2003,1903,2094,1812,951,650,211,13.5,55.9,1.52,46.4,7.4,3860,55.2,73,1.9
E09000015,Harrow,London Borough,3312,1645,1667,2580,732,471,174,87,12.7,60.6,1.73,22.1,7.5,3290,60.2,28,0.9
E09000016,Havering,London Borough,3057,1583,1474,1620,1437,970,342,125,11.7,58.5,1.64,47,6.2,3021,57.8,87,2.9
E09000017,Hillingdon,London Borough,4061,2137,1924,2619,1442,905,373,164,13.3,61.8,1.76,35.5,6.1,4019,61.2,52,1.3
E09000018,Hounslow,London Borough,3678,1951,1727,2441,1237,763,323,151,12.8,56.9,1.59,33.6,7.9,3644,56.4,83,2.3
E09000021,Kingston upon Thames,London Borough,1849,948,901,1178,671,495,126,50,11,50.4,1.44,36.3,5.4,1832,50,70,3.8
E09000024,Merton,London Borough,2739,1375,1364,1809,930,608,217,105,12.7,56,1.49,34,6.3,2704,55.3,63,2.3
E09000026,Redbridge,London Borough,4275,2180,2095,2863,1412,948,314,150,13.8,62.6,1.8,33,8.8,4226,61.9,24,0.6
E09000027,Richmond upon Thames,London Borough,2120,1116,1004,1466,654,499,104,51,10.9,56.9,1.58,30.8,5.8,2088,56.1,87,4.2
E09000029,Sutton,London Borough,2347,1209,1138,1351,996,656,248,92,11.2,55,1.59,42.4,7.5,2314,54.3,49,2.1
E09000031,Waltham Forest,London Borough,4136,2159,1977,2326,1810,1283,377,150,14.9,62.1,1.66,43.8,5.6,4091,61.5,87,2.1
E12000008,SOUTH EAST,Region,94292,48302,45990,49269,45023,34705,6822,3496,10.1,54.8,1.6,47.7,5.6,93345,54.2,2910,3.1
E06000036,Bracknell Forest,Unitary Authority,1495,750,745,818,677,552,84,41,11.9,59.5,1.7,45.3,6.3,1475,58.7,39,2.6
E06000043,Brighton and Hove,Unitary Authority,2304,1160,1144,1079,1225,933,201,91,8.3,35.8,1.1,53.2,6.3,2283,35.5,127,5.6
E06000046,Isle of Wight,Unitary Authority,1028,553,475,352,676,512,108,56,7.3,51.1,1.52,65.8,5.2,1013,50.3,32,3.2
E06000035,Medway,Unitary Authority,3272,1707,1565,1278,1994,1479,361,154,11.7,59,1.71,60.9,4.3,3232,58.3,69,2.1
E06000042,Milton Keynes,Unitary Authority,3329,1725,1604,1731,1598,1079,359,160,11.6,55.9,1.61,48,6.7,3291,55.3,141,4.3
E06000044,Portsmouth,Unitary Authority,2176,1130,1046,910,1266,915,237,114,10.5,47.5,1.37,58.2,7.5,2162,47.2,35,1.6
E06000038,Reading,Unitary Authority,2026,1057,969,1226,800,500,193,107,11.7,49.4,1.39,39.5,6.2,2010,49,70,3.5
E06000039,Slough,Unitary Authority,2116,1078,1038,1415,701,453,165,83,13.4,58.6,1.74,33.1,8.4,2105,58.3,18,0.9
E06000045,Southampton,Unitary Authority,2803,1434,1369,1342,1461,995,308,158,11.3,48.6,1.4,52.1,7.7,2772,48.1,64,2.3
E06000037,West Berkshire,Unitary Authority,1507,761,746,840,667,535,81,51,9.3,53.9,1.61,44.3,4.2,1492,53.4,84,5.6
E06000040,Windsor and Maidenhead,Unitary Authority,1526,768,758,988,538,434,78,26,9.9,55.4,1.61,35.3,6,1508,54.8,39,2.6
E06000041,Wokingham,Unitary Authority,1821,928,893,1139,682,550,95,37,10.2,54.5,1.62,37.5,4.6,1795,53.7,73,4.1
E06000060,Buckinghamshire,Unitary Authority,5893,2966,2927,3578,2315,1879,271,165,10.6,59,1.73,39.3,6.4,5832,58.4,143,2.5
E10000011,East Sussex,County,4549,2356,2193,1934,2615,2016,367,232,8.3,53.3,1.59,57.5,5.9,4497,52.7,204,4.5
E07000061,Eastbourne,Non-metropolitan District,883,465,418,368,515,393,65,57,8.7,50.4,1.49,58.3,6.1,869,49.6,24,2.8
E07000062,Hastings,Non-metropolitan District,909,451,458,296,613,435,111,67,10,56.1,1.64,67.4,7.4,904,55.8,61,6.7
E07000063,Lewes,Non-metropolitan District,781,391,390,334,447,333,80,34,7.8,51.3,1.54,57.2,7.8,773,50.8,41,5.3
E07000064,Rother,Non-metropolitan District,634,329,305,264,370,296,44,30,6.8,50.9,1.54,58.4,3.8,626,50.2,30,4.8
E07000065,Wealden,Non-metropolitan District,1342,720,622,672,670,559,67,44,8.3,56.1,1.68,49.9,4.8,1325,55.4,48,3.6
E10000014,Hampshire,County,13468,6866,6602,7052,6416,5127,830,459,9.6,55.7,1.62,47.6,6.3,13337,55.2,369,2.8
E07000084,Basingstoke and Deane,Non-metropolitan District,2068,1062,1006,1106,962,769,120,73,11.1,58.6,1.65,46.5,6.2,2049,58,59,2.9
E07000085,East Hampshire,Non-metropolitan District,1102,576,526,626,476,405,44,27,8.7,54.7,1.66,43.2,4.7,1094,54.3,42,3.8
E07000086,Eastleigh,Non-metropolitan District,1452,754,698,718,734,583,104,47,10.6,57.6,1.64,50.6,6.6,1435,57,45,3.1
E07000087,Fareham,Non-metropolitan District,931,475,456,507,424,348,39,37,8.1,51.6,1.51,45.5,7.7,919,50.9,18,2
E07000088,Gosport,Non-metropolitan District,785,400,385,299,486,367,78,41,9.6,55.1,1.62,61.9,8,778,54.6,10,1.3
E07000089,Hart,Non-metropolitan District,940,459,481,589,351,300,33,18,9.4,55.3,1.64,37.3,4.5,932,54.9,27,2.9
E07000090,Havant,Non-metropolitan District,1187,599,588,442,745,557,122,66,9.5,57.7,1.68,62.8,7.2,1183,57.5,27,2.3
E07000091,New Forest,Non-metropolitan District,1331,633,698,669,662,523,96,43,7.6,53.2,1.59,49.7,6.8,1313,52.5,44,3.4
E07000092,Rushmoor,Non-metropolitan District,1235,629,606,708,527,419,75,33,12.3,60.2,1.64,42.7,6.1,1221,59.5,31,2.5
E07000093,Test Valley,Non-metropolitan District,1313,669,644,694,619,501,79,39,10,58.4,1.69,47.1,5.3,1304,58,35,2.7
E07000094,Winchester,Non-metropolitan District,1124,610,514,694,430,355,40,35,8.8,48.4,1.57,38.3,6.2,1109,47.7,31,2.8
E10000016,Kent,County,16633,8508,8125,7446,9187,6965,1509,713,10.5,58.2,1.71,55.2,3.8,16489,57.7,399,2.4
E07000105,Ashford,Non-metropolitan District,1415,742,673,628,787,580,148,59,10.6,58.5,1.7,55.6,2.5,1409,58.2,34,2.4
E07000106,Canterbury,Non-metropolitan District,1279,679,600,539,740,553,128,59,8.2,40.8,1.36,57.9,4.5,1268,40.4,41,3.2
E07000107,Dartford,Non-metropolitan District,1704,880,824,843,861,633,140,88,14.6,68.7,1.91,50.5,5,1684,67.9,29,1.7
E07000108,Dover,Non-metropolitan District,1051,527,524,386,665,531,88,46,9,54.9,1.61,63.3,2.8,1041,54.4,31,3
E07000112,Folkestone and Hythe,Non-metropolitan District,978,489,489,381,597,451,102,44,8.9,55.9,1.65,61,4.3,970,55.4,25,2.6
E07000109,Gravesham,Non-metropolitan District,1257,622,635,583,674,494,131,49,11.8,61,1.77,53.6,4.2,1255,60.9,29,2.3
E07000110,Maidstone,Non-metropolitan District,2071,1048,1023,973,1098,861,148,89,11.7,63.9,1.82,53,3.2,2057,63.4,34,1.7
E07000111,Sevenoaks,Non-metropolitan District,1275,645,630,684,591,462,90,39,10.6,62.6,1.88,46.4,3,1264,62.1,30,2.4
E07000113,Swale,Non-metropolitan District,1669,864,805,599,1070,779,211,80,11,60.7,1.78,64.1,3.8,1656,60.2,74,4.5
E07000114,Thanet,Non-metropolitan District,1360,712,648,447,913,659,177,77,9.7,56.9,1.67,67.1,5.4,1336,55.9,29,2.2
E07000115,Tonbridge and Malling,Non-metropolitan District,1404,689,715,730,674,523,97,54,10.6,59.5,1.75,48,3.1,1396,59.2,23,1.6
E07000116,Tunbridge Wells,Non-metropolitan District,1170,611,559,653,517,439,49,29,10.1,57.5,1.71,44.2,3.9,1153,56.7,20,1.7
E10000025,Oxfordshire,County,7380,3787,3593,4316,3064,2448,414,202,10.2,51.2,1.48,41.5,4.2,7314,50.8,307,4.2
E07000177,Cherwell,Non-metropolitan District,1884,975,909,1024,860,693,110,57,11.6,60.6,1.71,45.6,5.1,1866,60,55,2.9
E07000178,Oxford,Non-metropolitan District,1374,728,646,856,518,360,110,48,8.6,31.9,1.05,37.7,4.5,1357,31.5,56,4.1
E07000179,South Oxfordshire,Non-metropolitan District,1518,791,727,909,609,503,70,36,10.1,59.2,1.69,40.1,4.3,1504,58.7,67,4.5
E07000180,Vale of White Horse,Non-metropolitan District,1492,742,750,875,617,508,80,29,10.7,59.7,1.69,41.4,3.5,1485,59.4,67,4.5
E07000181,West Oxfordshire,Non-metropolitan District,1112,551,561,652,460,384,44,32,9.7,57.5,1.65,41.4,3.1,1102,57,62,5.6
E10000030,Surrey,County,12451,6402,6049,7605,4846,3919,586,341,10.3,56.4,1.67,38.9,6,12305,55.7,369,3
E07000207,Elmbridge,Non-metropolitan District,1474,762,712,980,494,422,41,31,10.6,60.8,1.8,33.5,5.1,1459,60.2,42,2.9
E07000208,Epsom and Ewell,Non-metropolitan District,813,416,397,521,292,228,38,26,10,53.5,1.58,35.9,5.5,800,52.7,25,3.1
E07000209,Guildford,Non-metropolitan District,1370,698,672,848,522,398,75,49,9.5,46.5,1.51,38.1,5.6,1355,46,55,4.1
E07000210,Mole Valley,Non-metropolitan District,745,381,364,433,312,252,35,25,8.5,54.7,1.7,41.9,5.1,739,54.3,33,4.5
E07000211,Reigate and Banstead,Non-metropolitan District,1750,926,824,1026,724,586,101,37,11.6,62.2,1.74,41.4,6.5,1732,61.6,61,3.5
E07000212,Runnymede,Non-metropolitan District,934,474,460,514,420,353,42,25,10.6,50.5,1.6,45,7.1,914,49.4,12,1.3
E07000213,Spelthorne,Non-metropolitan District,1180,625,555,659,521,399,81,41,11.5,60.5,1.71,44.2,7.7,1170,60,10,0.9
E07000214,Surrey Heath,Non-metropolitan District,874,442,432,545,329,263,44,22,9.6,55.6,1.64,37.6,4.2,862,54.9,19,2.2
E07000215,Tandridge,Non-metropolitan District,983,496,487,544,439,352,53,34,11.2,65.2,1.96,44.7,6.6,967,64.2,31,3.2
E07000216,Waverley,Non-metropolitan District,1207,615,592,794,413,343,42,28,9.4,56.7,1.74,34.2,4.2,1195,56.1,60,5
E07000217,Woking,Non-metropolitan District,1121,567,554,741,380,323,34,23,10.8,56,1.57,33.9,7.4,1112,55.5,21,1.9
E10000032,West Sussex,County,8515,4366,4149,4220,4295,3414,575,306,9.6,56.6,1.65,50.4,6,8433,56,328,3.9
E07000223,Adur,Non-metropolitan District,600,304,296,276,324,253,45,26,9.3,57,1.66,54,5.5,596,56.6,42,7
E07000224,Arun,Non-metropolitan District,1375,695,680,564,811,640,112,59,8.3,54.2,1.58,59,5.8,1362,53.7,37,2.7
E07000225,Chichester,Non-metropolitan District,1032,498,534,511,521,415,69,37,8.3,52.9,1.6,50.5,5.9,1024,52.5,33,3.2
E07000226,Crawley,Non-metropolitan District,1525,797,728,790,735,528,154,53,12.9,60.5,1.72,48.2,7.7,1514,60,33,2.2
E07000227,Horsham,Non-metropolitan District,1444,752,692,783,661,565,62,34,9.8,59.8,1.76,45.8,5.3,1424,59,76,5.3
E07000228,Mid Sussex,Non-metropolitan District,1557,813,744,855,702,585,67,50,10.2,59.2,1.72,45.1,5.3,1541,58.6,72,4.7
E07000229,Worthing,Non-metropolitan District,982,507,475,441,541,428,66,47,8.8,50.4,1.44,55.1,5.9,972,49.9,35,3.6
E12000009,SOUTH WEST,Region,52278,26865,25413,24785,27493,21593,3856,2044,9.2,51.8,1.51,52.6,5.1,51744,51.3,1785,3.4
E06000022,Bath and North East Somerset,Unitary Authority,1777,890,887,937,840,652,125,63,9.2,45.5,1.47,47.3,5.2,1752,44.9,61,3.5
E06000058,"Bournemouth, Christchurch and Poole",Unitary Authority,3668,1885,1783,1800,1868,1470,241,157,9.2,48.2,1.41,50.9,3.2,3628,47.7,136,3.7
E06000023,"Bristol, City of",Unitary Authority,5430,2771,2659,2722,2708,1894,521,293,11.5,46.5,1.32,49.9,4.9,5386,46.2,133,2.5
"E06000052, E06000053",Cornwall and Isles of Scilly,Unitary Authority,4834,2514,2320,1989,2845,2329,335,181,8.4,52.6,1.57,58.9,4.2,4772,52,243,5.1
E06000059,Dorset,Unitary Authority,2755,1398,1357,1278,1477,1197,171,109,7.2,51.6,1.57,53.6,5.6,2728,51.1,150,5.5
E06000024,North Somerset,Unitary Authority,2071,1025,1046,996,1075,869,136,70,9.5,57.6,1.71,51.9,3.3,2046,56.9,42,2.1
E06000026,Plymouth,Unitary Authority,2556,1314,1242,960,1596,1165,281,150,9.7,47.9,1.39,62.4,6.1,2534,47.5,68,2.7
E06000025,South Gloucestershire,Unitary Authority,3055,1599,1456,1569,1486,1188,206,92,10.5,54.7,1.54,48.6,4.4,3025,54.2,45,1.5
E06000030,Swindon,Unitary Authority,2580,1297,1283,1391,1189,949,164,76,11,56.6,1.61,46.1,5.2,2559,56.2,45,1.8
E06000027,Torbay,Unitary Authority,1114,586,528,376,738,553,118,67,8,51.8,1.54,66.2,6.4,1102,51.2,39,3.5
E06000054,Wiltshire,Unitary Authority,4593,2332,2261,2435,2158,1728,284,146,8.9,54.4,1.59,47,5.3,4534,53.7,154,3.4
E10000008,Devon,County,6644,3460,3184,3085,3559,2899,443,217,8.2,50.7,1.52,53.6,5.6,6589,50.3,260,3.9
E07000040,East Devon,Non-metropolitan District,1269,629,640,605,664,548,72,44,8.3,58.7,1.74,52.3,5.6,1255,58,49,3.9
E07000041,Exeter,Non-metropolitan District,1173,615,558,611,562,426,92,44,9.1,38.2,1.27,47.9,5.6,1161,37.8,49,4.2
E07000042,Mid Devon,Non-metropolitan District,703,374,329,326,377,317,42,18,8.5,53,1.6,53.6,4.3,697,52.5,31,4.4
E07000043,North Devon,Non-metropolitan District,825,429,396,357,468,380,68,20,8.3,54.1,1.61,56.7,5.8,820,53.8,23,2.8
E07000044,South Hams,Non-metropolitan District,641,333,308,315,326,271,36,19,7.2,50.7,1.53,50.9,5.5,636,50.3,36,5.7
E07000045,Teignbridge,Non-metropolitan District,1098,597,501,469,629,516,76,37,8.1,54.7,1.62,57.3,7.1,1089,54.3,44,4
E07000046,Torridge,Non-metropolitan District,516,267,249,198,318,256,39,23,7.5,53.9,1.63,61.6,4.8,517,54,11,2.1
E07000047,West Devon,Non-metropolitan District,419,216,203,204,215,185,18,12,7.3,53.3,1.65,51.3,4.3,414,52.7,17,4.1
E10000013,Gloucestershire,County,6138,3150,2988,2976,3162,2438,479,245,9.5,54.4,1.59,51.5,5.4,6059,53.7,205,3.4
E07000078,Cheltenham,Non-metropolitan District,1153,589,564,640,513,399,81,33,9.7,49.4,1.42,44.5,5,1137,48.7,24,2.1
E07000079,Cotswold,Non-metropolitan District,753,395,358,428,325,258,36,31,8.3,54.6,1.63,43.2,5.1,742,53.8,34,4.6
E07000080,Forest of Dean,Non-metropolitan District,775,409,366,318,457,376,60,21,8.9,56.8,1.73,59,7.2,766,56.1,26,3.4
E07000081,Gloucester,Non-metropolitan District,1452,719,733,612,840,592,156,92,11,55.4,1.59,57.9,6.1,1434,54.7,34,2.4
E07000082,Stroud,Non-metropolitan District,1022,523,499,473,549,440,79,30,8.4,53,1.57,53.7,4.4,1010,52.4,65,6.4
E07000083,Tewkesbury,Non-metropolitan District,983,515,468,505,478,373,67,38,10.3,59.3,1.68,48.6,4.8,970,58.6,22,2.3
E10000027,Somerset,County,5063,2644,2419,2271,2792,2262,352,178,8.8,55.7,1.64,55.1,6.4,5030,55.3,204,4.1
E07000187,Mendip,Non-metropolitan District,1049,566,483,482,567,451,76,40,9,57.1,1.73,54.1,5.3,1046,57,47,4.5
E07000188,Sedgemoor,Non-metropolitan District,1175,642,533,501,674,547,91,36,9.3,58.3,1.7,57.4,8.4,1164,57.8,38,3.3
E07000246,Somerset West and Taunton,Non-metropolitan District,1338,672,666,623,715,586,88,41,8.5,53.2,1.56,53.4,5.6,1330,52.8,47,3.5
E07000189,South Somerset,Non-metropolitan District,1501,764,737,665,836,678,97,61,8.7,55,1.61,55.7,6.2,1490,54.6,72,4.8
W92000004,WALES,Country,28781,14781,14000,10783,17998,12833,3700,1465,9.3,51.7,1.51,62.5,6.1,28524,51.3,1039,3.6
W06000001,Isle of Anglesey,Unitary Authority,592,302,290,191,401,313,62,26,8.6,57.2,1.72,67.7,7.4,585,56.5,16,2.7
W06000002,Gwynedd,Unitary Authority,1039,546,493,377,662,513,109,40,8.9,51.2,1.55,63.7,4.8,1033,50.9,39,3.8
W06000003,Conwy,Unitary Authority,921,488,433,312,609,466,94,49,8,53.9,1.58,66.1,7.4,910,53.3,21,2.3
W06000004,Denbighshire,Unitary Authority,919,464,455,277,642,463,122,57,9.6,60.8,1.82,69.9,6.7,911,60.3,30,3.3
W06000005,Flintshire,Unitary Authority,1470,735,735,577,893,688,137,68,9.5,55.3,1.62,60.7,6.7,1456,54.7,47,3.2
W06000006,Wrexham,Unitary Authority,1266,681,585,402,864,636,148,80,9.4,53.5,1.58,68.2,8,1250,52.8,40,3.2
W06000023,Powys,Unitary Authority,1054,555,499,405,649,556,64,29,7.9,55.7,1.66,61.6,5.5,1038,54.9,117,11.3
W06000008,Ceredigion,Unitary Authority,536,281,255,189,347,289,44,14,7.6,45.3,1.46,64.7,5.1,527,44.5,44,8.3
W06000009,Pembrokeshire,Unitary Authority,1010,525,485,331,679,515,128,36,8.2,53.6,1.59,67.2,6,1004,53.3,62,6.2
W06000010,Carmarthenshire,Unitary Authority,1540,804,736,562,978,735,183,60,8.2,50.8,1.51,63.5,5.5,1533,50.5,69,4.5
W06000011,Swansea,Unitary Authority,2067,1081,986,805,1262,814,340,108,8.7,46.4,1.37,61.1,6.4,2051,46.1,66,3.2
W06000012,Neath Port Talbot,Unitary Authority,1249,634,615,380,869,591,219,59,8.8,49.6,1.47,69.6,7.3,1232,48.9,37,3
W06000013,Bridgend,Unitary Authority,1370,717,653,494,876,630,169,77,9.4,54,1.57,63.9,5.5,1360,53.6,72,5.3
W06000014,Vale of Glamorgan,Unitary Authority,1205,622,583,539,666,479,115,72,9.1,52.7,1.57,55.3,3.3,1195,52.3,46,3.8
W06000015,Cardiff,Unitary Authority,3818,1914,1904,2013,1805,1155,445,205,10.6,45.6,1.36,47.3,4.9,3787,45.2,88,2.3
W06000016,Rhondda Cynon Taf,Unitary Authority,2262,1121,1141,659,1603,1088,400,115,9.5,51,1.49,70.9,6.2,2246,50.7,60,2.7
W06000024,Merthyr Tydfil,Unitary Authority,614,332,282,171,443,274,125,44,10.4,55.5,1.62,72.1,8.5,610,55.2,11,1.8
W06000018,Caerphilly,Unitary Authority,1616,858,758,493,1123,794,244,85,9.2,50.5,1.48,69.5,6.4,1608,50.3,32,2
W06000019,Blaenau Gwent,Unitary Authority,673,344,329,164,509,341,124,44,10,55.8,1.58,75.6,6.8,662,54.9,10,1.5
W06000020,Torfaen,Unitary Authority,943,487,456,303,640,437,141,62,10.2,56,1.61,67.9,6.7,933,55.4,46,4.9
W06000021,Monmouthshire,Unitary Authority,727,344,383,326,401,326,53,22,7.8,52.3,1.57,55.2,5.5,719,51.7,43,6
W06000022,Newport,Unitary Authority,1890,946,944,813,1077,730,234,113,11.8,60.3,1.7,57,6.1,1874,59.8,43,2.3
J99000001,Usual residence outside England and Wales,Country,99,53,46,61,38,23,9,6,[x],[x],[x],38.4,22.7,113,[x],0,[x]
S92000003,SCOTLAND,Country,47786,24542,23244,22094,25692,[x],[x],[x],8.7,46.3,1.31,53.8,[x],[x],[x],[x],[x]
S12000033,Aberdeen City,Council Area,2040,1030,1010,1066,974,[x],[x],[x],9,41,1.12,47.7,[x],[x],[x],[x],[x]
S12000034,Aberdeenshire,Council Area,2336,1178,1158,1235,1101,[x],[x],[x],8.9,54.4,1.67,47.1,[x],[x],[x],[x],[x]
S12000041,Angus,Council Area,911,443,468,393,518,[x],[x],[x],7.8,49,1.48,56.9,[x],[x],[x],[x],[x]
S12000035,Argyll and Bute,Council Area,599,301,298,271,328,[x],[x],[x],6.9,50.3,1.54,54.8,[x],[x],[x],[x],[x]
S12000036,City of Edinburgh,Council Area,4654,2342,2312,2735,1919,[x],[x],[x],8.8,36.7,0.98,41.2,[x],[x],[x],[x],[x]
S12000005,Clackmannanshire,Council Area,498,275,223,178,320,[x],[x],[x],9.7,57.3,1.71,64.3,[x],[x],[x],[x],[x]
S12000006,Dumfries and Galloway,Council Area,1083,558,525,433,650,[x],[x],[x],7.3,48.6,1.44,60,[x],[x],[x],[x],[x]
S12000042,Dundee City,Council Area,1255,648,607,478,777,[x],[x],[x],8.5,38.4,1.05,61.9,[x],[x],[x],[x],[x]
S12000008,East Ayrshire,Council Area,1121,581,540,401,720,[x],[x],[x],9.2,53,1.55,64.2,[x],[x],[x],[x],[x]
S12000045,East Dunbartonshire,Council Area,896,471,425,561,335,[x],[x],[x],8.2,52.8,1.6,37.4,[x],[x],[x],[x],[x]
S12000010,East Lothian,Council Area,975,522,453,449,526,[x],[x],[x],8.9,52,1.52,53.9,[x],[x],[x],[x],[x]
S12000011,East Renfrewshire,Council Area,790,446,344,557,233,[x],[x],[x],8.2,49.1,1.56,29.5,[x],[x],[x],[x],[x]
S12000014,Falkirk,Council Area,1466,751,715,659,807,[x],[x],[x],9.1,51.1,1.5,55,[x],[x],[x],[x],[x]
S12000047,Fife,Council Area,3157,1623,1534,1273,1884,[x],[x],[x],8.4,47.2,1.39,59.7,[x],[x],[x],[x],[x]
S12000049,Glasgow City,Council Area,5931,3071,2860,2689,3242,[x],[x],[x],9.3,39.7,1.06,54.7,[x],[x],[x],[x],[x]
S12000017,Highland,Council Area,1885,956,929,794,1091,[x],[x],[x],7.9,48.9,1.47,57.9,[x],[x],[x],[x],[x]
S12000018,Inverclyde,Council Area,605,324,281,230,375,[x],[x],[x],7.9,46.8,1.37,62,[x],[x],[x],[x],[x]
S12000019,Midlothian,Council Area,1070,557,513,527,543,[x],[x],[x],11.3,60.6,1.72,50.7,[x],[x],[x],[x],[x]
S12000020,Moray,Council Area,846,438,408,392,454,[x],[x],[x],8.8,53.5,1.59,53.7,[x],[x],[x],[x],[x]
S12000013,Na h-Eileanan Siar,Council Area,181,92,89,107,74,[x],[x],[x],6.8,46.6,1.45,40.9,[x],[x],[x],[x],[x]
S12000021,North Ayrshire,Council Area,1069,544,525,363,706,[x],[x],[x],8,47.9,1.41,66,[x],[x],[x],[x],[x]
S12000050,North Lanarkshire,Council Area,3285,1703,1582,1271,2014,[x],[x],[x],9.6,51.4,1.53,61.3,[x],[x],[x],[x],[x]
S12000023,Orkney Islands,Council Area,170,97,73,87,83,[x],[x],[x],7.5,48.6,1.4,48.8,[x],[x],[x],[x],[x]
S12000048,Perth and Kinross,Council Area,1192,597,595,576,616,[x],[x],[x],7.7,48.6,1.44,51.7,[x],[x],[x],[x],[x]
S12000038,Renfrewshire,Council Area,1647,810,837,757,890,[x],[x],[x],9.2,49.6,1.4,54,[x],[x],[x],[x],[x]
S12000026,Scottish Borders,Council Area,852,446,406,381,471,[x],[x],[x],7.3,49.6,1.52,55.3,[x],[x],[x],[x],[x]
S12000027,Shetland Islands,Council Area,199,106,93,88,111,[x],[x],[x],8.7,52.9,1.58,55.8,[x],[x],[x],[x],[x]
S12000028,South Ayrshire,Council Area,774,394,380,311,463,[x],[x],[x],6.9,44.7,1.35,59.8,[x],[x],[x],[x],[x]
S12000029,South Lanarkshire,Council Area,3107,1615,1492,1422,1685,[x],[x],[x],9.6,54.6,1.6,54.2,[x],[x],[x],[x],[x]
S12000030,Stirling,Council Area,670,349,321,341,329,[x],[x],[x],7.2,37.3,1.12,49.1,[x],[x],[x],[x],[x]
S12000039,West Dunbartonshire,Council Area,768,379,389,256,512,[x],[x],[x],8.7,48.4,1.4,66.7,[x],[x],[x],[x],[x]
S12000040,West Lothian,Council Area,1725,884,841,794,931,[x],[x],[x],9.3,49.9,1.47,54,[x],[x],[x],[x],[x]
N92000002,NORTHERN IRELAND ,Country,20108,10342,9766,10496,9612,4280,4521,811,10.6,55.8,1.64,47.8,[x],19607,54.4,[x],[x]
N09000001,Antrim and Newtownabbey,Local Government District,1587,839,748,846,741,391,295,55,10.9,58.1,1.72,46.7,[x],1546,56.6,[x],[x]
N09000011,Ards and North Down,Local Government District,1483,780,703,829,654,388,227,39,9.1,54.1,1.62,44.1,[x],1447,52.8,[x],[x]
N09000002,"Armagh City, Banbridge and Craigavon",Local Government District,2633,1366,1267,1486,1147,605,462,80,12,63.9,1.89,43.6,[x],2573,62.5,[x],[x]
N09000003,Belfast,Local Government District,2563,1309,1254,714,1849,481,1167,201,7.4,33.7,0.96,72.1,[x],2492,32.8,[x],[x]
N09000004,Causeway Coast and Glens,Local Government District,1466,771,695,772,694,314,311,69,10.3,59.1,1.78,47.3,[x],1430,57.6,[x],[x]
N09000005,Derry City and Strabane,Local Government District,1868,935,933,722,1146,342,690,114,12.4,64.2,1.92,61.3,[x],1832,63,[x],[x]
N09000006,Fermanagh and Omagh,Local Government District,1385,687,698,909,476,270,188,18,11.8,67.9,2.04,34.4,[x],1345,66,[x],[x]
N09000007,Lisburn and Castlereagh,Local Government District,1433,709,724,868,565,298,217,50,9.6,52.2,1.49,39.4,[x],1403,51.1,[x],[x]
N09000008,Mid and East Antrim,Local Government District,1355,742,613,729,626,326,241,59,9.7,55.4,1.67,46.2,[x],1327,54.2,[x],[x]
N09000009,Mid Ulster,Local Government District,2045,1064,981,1326,719,373,293,53,13.6,70.9,2.08,35.2,[x],1985,68.8,[x],[x]
N09000010,"Newry, Mourne and Down",Local Government District,2290,1140,1150,1295,995,492,430,73,12.6,68.5,2.03,43.4,[x],2227,66.6,[x],[x]
